description,study_program
Build a machine learning model to predict house prices using Python and scikit-learn.,Computer Science
"Create a personal portfolio website using React, complete with a blog and a contact form.",Web Development
Developed a machine learning model in Python with scikit-learn to accurately predict house prices based on historical data.,Computer Science
"Created a comprehensive personal portfolio website using React, featuring a blog and a contact form for direct communication.",Web Development
"Developed a user-friendly fitness tracking mobile app for Android using Kotlin, enabling users to monitor their health effectively.",Computer Engineering
"Designed a fresh and appealing company logo and branding materials using Adobe Illustrator, enhancing the company's visual identity.",Graphic Design
Wrote an informative blog post highlighting the benefits of a healthy diet and providing practical nutrition tips for readers.,Nutrition Science
"Created a robust and efficient REST API for a book database using Node.js and Express, improving data accessibility.",Software Engineering
Develop a fitness tracking mobile app for Android using Kotlin.,Computer Engineering
Design a new company logo and branding materials using Adobe Illustrator.,Graphic Design
Write a blog post about the benefits of a healthy diet and nutrition tips.,Nutrition Science
Create a REST API for a book database using Node.js and Express.,Software Engineering
Conduct a comprehensive analysis of recent changes in employment law and their potential impact on the organization.,Law
Develop a contract management system using Python to streamline the review and approval process.,Software Engineering
Create a legal research database using SQL to facilitate access to relevant case law and legal precedents.,Law
Develop a chatbot using Python and Natural Language Processing to answer common legal questions.,Artificial Intelligence
Analyze the impact of new tax laws on small businesses.,Law
Create a web application to facilitate online dispute resolution.,Web Development
Conduct a survey on public opinion regarding recent changes in criminal law.,Law
Develop a document management system for efficient handling of legal documents.,Software Engineering
Analyze the effectiveness of alternative dispute resolution methods in commercial disputes.,Law
Create a blog discussing recent developments in constitutional law.,Law
Create a mobile app providing easy access to basic legal information.,Computer Science
Analyze the role of corporate law in preventing financial fraud.,Law
Develop a system for automated generation of legal contracts using Python.,Software Engineering
Conduct a study on the legal aspects of mergers and acquisitions in the tech industry.,Law
Develop a machine learning model to automate the process of legal document review.,Computer Science
Conduct a study on the impact of international trade laws on local industries.,Law
Create a mobile app providing easy access to basic legal information.,Computer Science
Analyze the implications of recent court rulings on intellectual property law for tech companies.,Law
Develop a machine learning model to predict the outcomes of cases based on historical data.,Software Engineering
Create a personal portfolio website showcasing legal research papers and case studies.,Law
Conduct a comparative study of data privacy laws in different jurisdictions.,Artificial Intelligence
Develop a chatbot for customer service using Python and Rasa.,E-commerce
Build an e-commerce website for selling handmade crafts using Shopify.,Web Development
"Design a responsive landing page for a marketing campaign using HTML, CSS, and JavaScript.",Data Analysis
Create a financial dashboard for tracking expenses using Power BI.,Game Development
Develop a 2D platformer game using Unity and C#.,Machine Learning
Build a recommendation system for movies using collaborative filtering in Python.,Marketing
Create a social media marketing strategy for a small business.,Environmental Science
Write an article about the impact of climate change on global weather patterns.,Web Scraping
Build a web scraper to collect data from online stores using Beautiful Soup in Python.,Web Development
"Create an online course about web development using HTML, CSS, and JavaScript.",Mobile Development
Develop a fitness tracking app for iOS using Swift.,User Interface Design
Design a user interface for a mobile banking app using Figma.,Finance
Build a predictive model for stock prices using machine learning in Python.,Web Development
Create a content management system for a blog using Django.,Game Development
Develop a virtual reality experience using Unity and Oculus SDK.,Renewable Energy
Write a research paper on renewable energy sources and their benefits.,Computer Science
Build a mobile app to manage personal tasks using Flutter.,Web Development
Create a photo editing tool using machine learning techniques in Python.,Computer Science
Develop a secure authentication system for web apps using OAuth 2.0.,Web Development
Design a marketing plan for a new product launch in the tech industry.,Computer Engineering
Build a chatbot for mental health support using Microsoft Bot Framework.,Graphic Design
Create a real-time chat application using WebSockets and Node.js.,Nutrition Science
Develop an online booking system for appointments using Ruby on Rails.,Software Engineering
Write a guide on best practices for SEO in 2024.,Computer Engineering
Build a web application for project management using React and Redux.,Graphic Design
Create an interactive data visualization dashboard using D3.js.,Nutrition Science
Develop an automated email marketing campaign using Mailchimp API.,Software Engineering
Design a survey to collect customer feedback using Google Forms.,Law
Build a machine learning model to classify images using TensorFlow.,Software Engineering
Create a podcast series about tech trends and future innovations.,Law
Develop a tool to automate repetitive tasks using Python scripts.,Artificial Intelligence
Write a tutorial on how to use Docker for containerization.,Law
Build a mobile app for tracking fitness goals using React Native.,Web Development
Create a video editing software tool using JavaScript and WebRTC.,Law
Develop a recommendation engine for books using content-based filtering.,Software Engineering
Design a logo for a new startup using Adobe Photoshop.,Law
Build a web-based CRM system using Laravel and Vue.js.,Law
Create an online store for digital products using WooCommerce.,Computer Science
Develop a weather forecasting model using time series analysis in R.,Law
Write an ebook about personal finance tips and strategies.,Software Engineering
Build a machine learning model to detect fraud in financial transactions.,Law
Create a travel blog with recommendations and tips for various destinations.,Computer Science
Develop a virtual assistant for scheduling meetings using Google Calendar API.,Law
Design a user-friendly interface for a medical app using Sketch.,Computer Science
Build a tool to analyze social media sentiment using NLP techniques.,Law
Create a marketplace for freelance services using WordPress and Elementor.,Software Engineering
Develop an app to track sleep patterns using React Native and Bluetooth sensors.,Law
Write a whitepaper on blockchain technology and its applications.,Artificial Intelligence
Build a machine learning model to predict traffic congestion using Keras.,E-commerce
Create an interactive map of local events using Leaflet.js.,Web Development
Develop a tool for managing software development projects using Jira API.,Data Analysis
Design a user experience for a new software product using Adobe XD.,Game Development
Build a mobile app for language learning using Duolingo API.,Machine Learning
Create a platform for online education using Moodle.,Marketing
Develop a chatbot for learning new languages using IBM Watson.,Environmental Science
Write a blog post about the benefits of meditation and mindfulness.,Web Scraping
Build a machine learning model to predict sales trends using pandas and scikit-learn.,Web Development
Create a personal finance app using React Native and Firebase.,Mobile Development
Develop a tool to manage remote teams using Slack API.,User Interface Design
Design a landing page for a new app using Bootstrap and jQuery.,Finance
Build a machine learning model to classify emails using Naive Bayes and NLTK.,Web Development
Create an online community for hobbyists using PHP and MySQL.,Renewable Energy
Build a machine learning model to predict housing prices.,Mobile Development
Create a blog about sustainable living.,Image Processing
Develop a mobile app for tracking water intake.,Web Development
Write a guide on how to use Kubernetes.,Marketing
Build a web application for task management,Chatbots
Build a machine learning model using Python and scikit-learn to predict house prices for a real estate company.,Web Development
"Create a personal portfolio website using React, complete with a blog and a contact form.",Software Engineering
Develop a fitness tracking mobile app for Android using Kotlin.,SEO
Conduct a market analysis to identify potential opportunities for business expansion.,Web Development
Develop a customer relationship management (CRM) system using Salesforce to improve customer engagement.,Data Visualization
Analyze the impact of recent economic policies on the company's financial performance.,Marketing
"Create a business plan for a new product line, including market research, financial projections, and marketing strategies.",Market Research
Develop a machine learning model to predict sales trends based on historical data.,Machine Learning
Create a personal portfolio website showcasing business projects and case studies.,Web Development
Conduct a competitor analysis to identify threats and opportunities in the market.,Market Research
Develop a supply chain optimization model using Python to reduce operational costs.,Supply Chain Management
Analyze the effectiveness of the company's digital marketing campaigns.,Marketing
Create a mobile app to enhance customer engagement and increase sales.,Mobile Development
Conduct a survey to understand customer satisfaction and areas for improvement.,Customer Satisfaction Survey
Develop a financial model for the company's upcoming investment plans.,Finance
Analyze the potential impact of Brexit on the company's operations in Europe.,Economics
Create a blog discussing recent trends in the business world.,Marketing
Develop a machine learning model to automate the process of financial auditing.,Machine Learning
Conduct a study on the impact of corporate social responsibility on brand image.,Corporate Social Responsibility
Create a dashboard to track key business metrics in real-time.,Data Analytics
Analyze the role of leadership in fostering a positive organizational culture.,Leadership
Develop a predictive model for stock prices using time series analysis.,Machine Learning
Conduct a study on the implications of the gig economy for human resource management.,Human Resource Management
