program,description
Software Engineering,Web Application Development
Hardware Engineering,Embedded Systems
Law,Contract Law
Accounts,Tax Planning
Law,Intellectual Property Rights
Accounts,Auditing
Computer Engineering,Computer Vision
Hardware Engineering,Robotics
Accounts,Financial Analysis
Software Engineering,Mobile App Development
Computer Engineering,Artificial Intelligence
Computer Engineering,Network Security
Law,Cyber Law
Software Engineering,Data Analysis
Hardware Engineering,Microcontroller Design
