department,student_program,company_requirements,project
Engineering,Computer Science,"Experience with cloud computing, proficiency in Python, strong data analysis skills",Cloud-based data analytics project
Business,Marketing,"Knowledge of market research, familiarity with consumer behavior, ability to analyze marketing campaigns",Marketing strategy development project
Law,Law,"Research and writing skills, knowledge of legal precedents, ability to analyze complex cases",Constitutional law review project
Engineering,Electrical Engineering,"Familiarity with power systems, experience with control systems, ability to design electrical circuits",Smart grid optimization project
Business,Accounting,"Knowledge of financial accounting principles, proficiency in Excel, strong attention to detail",Financial statement analysis project
Engineering,Software Engineering,"Proficiency in software development lifecycle, experience with agile methodologies, strong coding skills",Mobile app development project
Law,Law,"Strong legal research skills, proficiency in case analysis, ability to write persuasive legal arguments",Criminal defense case strategy project
Engineering,Computer Engineering,"Familiarity with digital logic design, experience with FPGA development, knowledge of computer architecture",Embedded systems design project
Business,Business,"Experience in project management, strong leadership skills, proficiency in data analysis",Operations optimization project
Engineering,Hardware Engineering,"Ability to design electronic circuits, knowledge of signal processing, experience with PCB layout",Sensor integration project
Law,Law,"Research and analysis abilities, knowledge of statutory interpretation, strong oral advocacy skills",Civil rights litigation project
Engineering,Computer Science,"Experience with machine learning algorithms, proficiency in Python, strong problem-solving skills",Data analysis and visualization project
Business,Accounting,"Knowledge of auditing principles, proficiency in accounting software, strong understanding of tax regulations",Internal control assessment project
Engineering,Electrical Engineering,"Knowledge of circuit design, familiarity with embedded systems, ability to work with microcontrollers",Renewable energy systems project
Law,Law,"Legal research and writing skills, knowledge of contract law, ability to draft legal documents",Business contract review project
Engineering,Software Engineering,"Proficiency in object-oriented programming, experience with software testing, familiarity with version control systems",E-commerce platform development project
Business,Business,"Experience in supply chain management, strong negotiation skills, proficiency in logistics analytics",Supply chain optimization project
Engineering,Computer Engineering,"Familiarity with computer networks, experience with network security, knowledge of software-defined networking",Network infrastructure upgrade project
Law,Law,"Strong legal reasoning abilities, knowledge of administrative law, ability to analyze regulatory compliance issues",Government regulatory compliance project
Engineering,Hardware Engineering,"Ability to design analog circuits, knowledge of semiconductor devices, experience with integrated circuit layout",Analog sensor interface project
Business,Accounting,"Knowledge of management accounting techniques, proficiency in cost analysis, strong understanding of budgeting principles",Strategic cost management project
Engineering,Computer Science,"Experience with web development technologies, proficiency in JavaScript, strong understanding of web security principles",Online marketplace platform project
Law,Law,"Legal research and analysis skills, knowledge of intellectual property law, ability to draft patent applications",Intellectual property rights project
Engineering,Electrical Engineering,"Knowledge of power electronics, familiarity with renewable energy systems, ability to analyze electrical networks",Energy storage system design project
Business,Business,"Experience in international business, strong cross-cultural communication skills, proficiency in global market analysis",International expansion strategy project
Engineering,Software Engineering,"Proficiency in software architecture design, experience with cloud computing platforms, strong knowledge of software performance optimization",Scalable web application project
Law,Law,"Strong legal advocacy skills, knowledge of criminal procedure, ability to conduct effective witness examinations",Criminal defense trial strategy project
Engineering,Computer Engineering,"Familiarity with digital signal processing, experience with real-time embedded systems, knowledge of hardware description languages",Digital signal processing project
Business,Accounting,"Knowledge of forensic accounting techniques, proficiency in fraud examination, strong understanding of internal controls",Fraud risk assessment project
Engineering,Hardware Engineering,"Ability to design mixed-signal circuits, knowledge of RF communication systems, experience with wireless sensor networks",IoT sensor integration project
Law,Law,"Legal research and writing abilities, knowledge of environmental law, ability to analyze regulatory compliance issues",Environmental impact assessment project
Engineering,Computer Science,"Experience with software requirements engineering, proficiency in UML modeling, strong understanding of software architecture principles",Enterprise software development project
Business,Business,"Experience in strategic management, strong business planning skills, proficiency in competitive analysis",Market expansion strategy project
Business,Marketing,"Knowledge of market research, familiarity with consumer behavior, ability to analyze marketing campaigns",Marketing strategy development project
Law,Law,"Research and writing skills, knowledge of legal precedents, ability to analyze complex cases",Constitutional law review project
Engineering,Electrical Engineering,"Familiarity with power systems, experience with control systems, ability to design electrical circuits",Smart grid optimization project
Business,Accounting,"Knowledge of financial accounting principles, proficiency in Excel, strong attention to detail",Financial statement analysis project
Engineering,Software Engineering,"Proficiency in software development lifecycle, experience with agile methodologies, strong coding skills",Mobile app development project
Law,Law,"Strong legal research skills, proficiency in case analysis, ability to write persuasive legal arguments",Criminal defense case strategy project
Engineering,Computer Engineering,"Familiarity with digital logic design, experience with FPGA development, knowledge of computer architecture",Embedded systems design project
Business,Business,"Experience in project management, strong leadership skills, proficiency in data analysis",Operations optimization project
Business,Marketing,"Knowledge of market research, familiarity with consumer behavior, ability to analyze marketing campaigns",Marketing strategy development project
Law,Law,"Research and writing skills, knowledge of legal precedents, ability to analyze complex cases",Constitutional law review project
Engineering,Electrical Engineering,"Familiarity with power systems, experience with control systems, ability to design electrical circuits",Smart grid optimization project
Business,Marketing,"Knowledge of market research, familiarity with consumer behavior, ability to analyze marketing campaigns",Marketing strategy development project
Law,Law,"Research and writing skills, knowledge of legal precedents, ability to analyze complex cases",Constitutional law review project
Engineering,Electrical Engineering,"Familiarity with power systems, experience with control systems, ability to design electrical circuits",Smart grid optimization project
Business,Accounting,"Knowledge of financial accounting principles, proficiency in Excel, strong attention to detail",Financial statement analysis project
Engineering,Software Engineering,"Proficiency in software development lifecycle, experience with agile methodologies, strong coding skills",Mobile app development project
Law,Law,"Strong legal research skills, proficiency in case analysis, ability to write persuasive legal arguments",Criminal defense case strategy project
Engineering,Computer Engineering,"Familiarity with digital logic design, experience with FPGA development, knowledge of computer architecture",Embedded systems design project
Business,Business,"Experience in project management, strong leadership skills, proficiency in data analysis",Operations optimization project
Engineering,Hardware Engineering,"Ability to design electronic circuits, knowledge of signal processing, experience with PCB layout",Sensor integration project
Law,Law,"Research and analysis abilities, knowledge of statutory interpretation, strong oral advocacy skills",Civil rights litigation project
Engineering,Computer Science,"Experience with machine learning algorithms, proficiency in Python, strong problem-solving skills",Data analysis and visualization project
Business,Accounting,"Knowledge of auditing principles, proficiency in accounting software, strong understanding of tax regulations",Internal control assessment project
Engineering,Electrical Engineering,"Knowledge of circuit design, familiarity with embedded systems, ability to work with microcontrollers",Renewable energy systems project
Law,Law,"Legal research and writing skills, knowledge of contract law, ability to draft legal documents",Business contract review project
Engineering,Software Engineering,"Proficiency in object-oriented programming, experience with software testing, familiarity with version control systems",E-commerce platform development project
Business,Business,"Experience in supply chain management, strong negotiation skills, proficiency in logistics analytics",Supply chain optimization project
Engineering,Computer Engineering,"Familiarity with computer networks, experience with network security, knowledge of software-defined networking",Network infrastructure upgrade project
Law,Law,"Strong legal reasoning abilities, knowledge of administrative law, ability to analyze regulatory compliance issues",Government regulatory compliance project
Engineering,Hardware Engineering,"Ability to design analog circuits, knowledge of semiconductor devices, experience with integrated circuit layout",Analog sensor interface project
Business,Accounting,"Knowledge of management accounting techniques, proficiency in cost analysis, strong understanding of budgeting principles",Strategic cost management project
Engineering,Computer Science,"Experience with web development technologies, proficiency in JavaScript, strong understanding of web security principles",Online marketplace platform project
Law,Law,"Legal research and analysis skills, knowledge of intellectual property law, ability to draft patent applications",Intellectual property rights project
Engineering,Electrical Engineering,"Knowledge of power electronics, familiarity with renewable energy systems, ability to analyze electrical networks",Energy storage system design project
Business,Business,"Experience in international business, strong cross-cultural communication skills, proficiency in global market analysis",International expansion strategy project
Engineering,Software Engineering,"Proficiency in software architecture design, experience with cloud computing platforms, strong knowledge of software performance optimization",Scalable web application project
Law,Law,"Strong legal advocacy skills, knowledge of criminal procedure, ability to conduct effective witness examinations",Criminal defense trial strategy project
Engineering,Computer Engineering,"Familiarity with digital signal processing, experience with real-time embedded systems, knowledge of hardware description languages",Digital signal processing project
Business,Accounting,"Knowledge of forensic accounting techniques, proficiency in fraud examination, strong understanding of internal controls",Fraud risk assessment project
Engineering,Hardware Engineering,"Ability to design mixed-signal circuits, knowledge of RF communication systems, experience with wireless sensor networks",IoT sensor integration project
Law,Law,"Legal research and writing abilities, knowledge of environmental law, ability to analyze regulatory compliance issues",Environmental impact assessment project
Engineering,Computer Science,"Experience with software requirements engineering, proficiency in UML modeling, strong understanding of software architecture principles",Enterprise software development project
Business,Business,"Experience in strategic management, strong business planning skills, proficiency in competitive analysis",Market expansion strategy project
Engineering,Electrical Engineering,"Knowledge of power system analysis, familiarity with electric machine control, ability to design electrical power converters",Smart grid control system project
Law,Law,"Strong legal research skills, knowledge of family law, ability to analyze custody cases",Family law case strategy project
Engineering,Software Engineering,"Proficiency in DevOps, experience with continuous integration, strong knowledge of cloud computing",Cloud-based software development project
Business,Accounting,"Knowledge of financial planning, proficiency in financial modeling, strong understanding of investment analysis",Investment
Engineering,Computer Science,"Experience with natural language processing, proficiency in Python, strong data analysis skills",Text analysis project
Business,Marketing,"Knowledge of market research, familiarity with consumer behavior, ability to analyze marketing campaigns",Marketing strategy development project
Law,Law,"Research and writing skills, knowledge of legal precedents, ability to analyze complex cases",Constitutional law review project
Engineering,Electrical Engineering,"Familiarity with power systems, experience with control systems, ability to design electrical circuits",Smart grid optimization project
Business,Accounting,"Knowledge of financial accounting principles, proficiency in Excel, strong attention to detail",Financial statement analysis project
Engineering,Software Engineering,"Proficiency in software development lifecycle, experience with agile methodologies, strong coding skills",Mobile app development project
Law,Law,"Strong legal research skills, proficiency in case analysis, ability to write persuasive legal arguments",Criminal defense case strategy project
Engineering,Computer Engineering,"Familiarity with digital logic design, experience with FPGA development, knowledge of computer architecture",Embedded systems design project
Business,Business,"Experience in project management, strong leadership skills, proficiency in data analysis",Operations optimization project
Engineering,Hardware Engineering,"Ability to design electronic circuits, knowledge of signal processing, experience with PCB layout",Sensor integration project
Law,Law,"Research and analysis abilities, knowledge of statutory interpretation, strong oral advocacy skills",Civil rights litigation project
Engineering,Computer Science,"Experience with machine learning algorithms, proficiency in Python, strong problem-solving skills",Data analysis and visualization project
Business,Accounting,"Knowledge of auditing principles, proficiency in accounting software, strong understanding of tax regulations",Internal control assessment project
Engineering,Electrical Engineering,"Knowledge of circuit design, familiarity with embedded systems, ability to work with microcontrollers",Renewable energy systems project
Law,Law,"Legal research and writing skills, knowledge of contract law, ability to draft legal documents",Business contract review project
Engineering,Software Engineering,"Proficiency in object-oriented programming, experience with software testing, familiarity with version control systems",E-commerce platform development project
Business,Business,"Experience in supply chain management, strong negotiation skills, proficiency in logistics analytics",Supply chain optimization project
Engineering,Computer Engineering,"Familiarity with computer networks, experience with network security, knowledge of software-defined networking",Network infrastructure upgrade project
Law,Law,"Strong legal reasoning abilities, knowledge of administrative law, ability to analyze regulatory compliance issues",Government regulatory compliance project
Engineering,Hardware Engineering,"Ability to design analog circuits, knowledge of semiconductor devices, experience with integrated circuit layout",Analog sensor interface project
Business,Accounting,"Knowledge of management accounting techniques, proficiency in cost analysis, strong understanding of budgeting principles",Strategic cost management project
Engineering,Computer Science,"Experience with web development technologies, proficiency in JavaScript, strong understanding of web security principles",Online marketplace platform project
Law,Law,"Legal research and analysis skills, knowledge of intellectual property law, ability to draft patent applications",Intellectual property rights project
Engineering,Electrical Engineering,"Knowledge of power electronics, familiarity with renewable energy systems, ability to analyze electrical networks",Energy storage system design project
Business,Business,"Experience in international business, strong cross-cultural communication skills, proficiency in global market analysis",International expansion strategy project
Engineering,Software Engineering,"Proficiency in software architecture design, experience with cloud computing platforms, strong knowledge of software performance optimization",Scalable web application project
Law,Law,"Strong legal advocacy skills, knowledge of criminal procedure, ability to conduct effective witness examinations",Criminal defense trial strategy project
Engineering,Computer Engineering,"Familiarity with digital signal processing, experience with real-time embedded systems, knowledge of hardware description languages",Digital signal processing project
Business,Accounting,"Knowledge of forensic accounting techniques, proficiency in fraud examination, strong understanding of internal controls",Fraud risk assessment project
Engineering,Hardware Engineering,"Ability to design mixed-signal circuits, knowledge of RF communication systems, experience with wireless sensor networks",IoT sensor integration project
Law,Law,"Legal research and writing abilities, knowledge of environmental law, ability to analyze regulatory compliance issues",Environmental impact assessment project
Engineering,Computer Science,"Experience with software requirements engineering, proficiency in UML modeling, strong understanding of software architecture principles",Enterprise software development project
Business,Business,"Experience in strategic management, strong business planning skills, proficiency in competitive analysis",Market expansion strategy project
Engineering,Electrical Engineering,"Knowledge of power system analysis, familiarity with electric machine control, ability to design electrical power converters",Smart grid control system project
Law,Law,"Strong legal research skills, knowledge of family law, ability to analyze custody cases",Family law case strategy project
Engineering,Software Engineering,"Proficiency in DevOps, experience with continuous integration, strong knowledge of cloud computing",Cloud-based software development project
Business,Accounting,"Knowledge of financial planning, proficiency in financial modeling, strong understanding of investment analysis",Invest
Engineering,Computer Science,"Experience with computer graphics, proficiency in C++, strong understanding of algorithms",3D modeling project
Business,Marketing,"Knowledge of market research, familiarity with consumer behavior, ability to analyze marketing campaigns",Marketing strategy development project
Law,Law,"Research and writing skills, knowledge of legal precedents, ability to analyze complex cases",Constitutional law review project
Engineering,Electrical Engineering,"Familiarity with power systems, experience with control systems, ability to design electrical circuits",Smart grid optimization project
Business,Accounting,"Knowledge of financial accounting principles, proficiency in Excel, strong attention to detail",Financial statement analysis project
Engineering,Software Engineering,"Proficiency in software development lifecycle, experience with agile methodologies, strong coding skills",Mobile app development project
Law,Law,"Strong legal research skills, proficiency in case analysis, ability to write persuasive legal arguments",Criminal defense case strategy project
Engineering,Computer Engineering,"Familiarity with digital logic design, experience with FPGA development, knowledge of computer architecture",Embedded systems design project
Business,Business,"Experience in project management, strong leadership skills, proficiency in data analysis",Operations optimization project
Engineering,Hardware Engineering,"Ability to design electronic circuits, knowledge of signal processing, experience with PCB layout",Sensor integration project
Law,Law,"Research and analysis abilities, knowledge of statutory interpretation, strong oral advocacy skills",Civil rights litigation project
Engineering,Computer Science,"Experience with machine learning algorithms, proficiency in Python, strong problem-solving skills",Data analysis and visualization project
Business,Accounting,"Knowledge of auditing principles, proficiency in accounting software, strong understanding of tax regulations",Internal control assessment project
Engineering,Electrical Engineering,"Knowledge of circuit design, familiarity with embedded systems, ability to work with microcontrollers",Renewable energy systems project
Law,Law,"Legal research and writing skills, knowledge of contract law, ability to draft legal documents",Business contract review project
Engineering,Software Engineering,"Proficiency in object-oriented programming, experience with software testing, familiarity with version control systems",E-commerce platform development project
Business,Business,"Experience in supply chain management, strong negotiation skills, proficiency in logistics analytics",Supply chain optimization project
Engineering,Computer Engineering,"Familiarity with computer networks, experience with network security, knowledge of software-defined networking",Network infrastructure upgrade project
Law,Law,"Strong legal reasoning abilities, knowledge of administrative law, ability to analyze regulatory compliance issues",Government regulatory compliance project
Engineering,Hardware Engineering,"Ability to design analog circuits, knowledge of semiconductor devices, experience with integrated circuit layout",Analog sensor interface project
Business,Accounting,"Knowledge of management accounting techniques, proficiency in cost analysis, strong understanding of budgeting principles",Strategic cost management project
Engineering,Computer Science,"Experience with web development technologies, proficiency in JavaScript, strong understanding of web security principles",Online marketplace platform project
Law,Law,"Legal research and analysis skills, knowledge of intellectual property law, ability to draft patent applications",Intellectual property rights project
Engineering,Electrical Engineering,"Knowledge of power electronics, familiarity with renewable energy systems, ability to analyze electrical networks",Energy storage system design project
Business,Business,"Experience in international business, strong cross-cultural communication skills, proficiency in global market analysis",International expansion strategy project
Engineering,Software Engineering,"Proficiency in software architecture design, experience with cloud computing platforms, strong knowledge of software performance optimization",Scalable web application project
Law,Law,"Strong legal advocacy skills, knowledge of criminal procedure, ability to conduct effective witness examinations",Criminal defense trial strategy project
Engineering,Computer Engineering,"Familiarity with digital signal processing, experience with real-time embedded systems, knowledge of hardware description languages",Digital signal processing project
Business,Accounting,"Knowledge of forensic accounting techniques, proficiency in fraud examination, strong understanding of internal controls",Fraud risk assessment project
Engineering,Hardware Engineering,"Ability to design mixed-signal circuits, knowledge of RF communication systems, experience with wireless sensor networks",IoT sensor integration project
Law,Law,"Legal research and writing abilities, knowledge of environmental law, ability to analyze regulatory compliance issues",Environmental impact assessment project
Engineering,Computer Science,"Experience with software requirements engineering, proficiency in UML modeling, strong understanding of software architecture principles",Enterprise software development project
Business,Business,"Experience in strategic management, strong business planning skills, proficiency in competitive analysis",Market expansion strategy project
Engineering,Electrical Engineering,"Knowledge of power system analysis, familiarity with electric machine control, ability to design electrical power converters",Smart grid control system project
Law,Law,"Strong legal research skills, knowledge of family law, ability to analyze custody cases",Family law case strategy project
Engineering,Software Engineering,"Proficiency in DevOps, experience with continuous integration, strong knowledge of cloud computing",Cloud-based software development project
Business,Accounting,"Knowledge of financial planning, proficiency in financial modeling, strong understanding of investment analysis",Invest
Engineering,Computer Science,"Experience with artificial intelligence, proficiency in Python, strong data analysis skills",AI-powered data analytics project
Business,Marketing,"Knowledge of market research, familiarity with consumer behavior, ability to analyze marketing campaigns",Marketing strategy development project
Law,Law,"Research and writing skills, knowledge of legal precedents, ability to analyze complex cases",Constitutional law review project
Business,Marketing,"Knowledge of market research, familiarity with consumer behavior, ability to analyze marketing campaigns",Marketing strategy development project
Law,Law,"Research and writing skills, knowledge of legal precedents, ability to analyze complex cases",Constitutional law review project
Engineering,Electrical Engineering,"Familiarity with power systems, experience with control systems, ability to design electrical circuits",Smart grid optimization project
Business,Accounting,"Knowledge of financial accounting principles, proficiency in Excel, strong attention to detail",Financial statement analysis project
Engineering,Software Engineering,"Proficiency in software development lifecycle, experience with agile methodologies, strong coding skills",Mobile app development project
Law,Law,"Strong legal research skills, proficiency in case analysis, ability to write persuasive legal arguments",Criminal defense case strategy project
Business,Marketing,"Knowledge of market research, familiarity with consumer behavior, ability to analyze marketing campaigns",Marketing strategy development project
Law,Law,"Research and writing skills, knowledge of legal precedents, ability to analyze complex cases",Constitutional law review project
Engineering,Electrical Engineering,"Familiarity with power systems, experience with control systems, ability to design electrical circuits",Smart grid optimization project
Business,Accounting,"Knowledge of financial accounting principles, proficiency in Excel, strong attention to detail",Financial statement analysis project
Engineering,Software Engineering,"Proficiency in software development lifecycle, experience with agile methodologies, strong coding skills",Mobile app development project
Law,Law,"Strong legal research skills, proficiency in case analysis, ability to write persuasive legal arguments",Criminal defense case strategy project
Engineering,Computer Engineering,"Familiarity with digital logic design, experience with FPGA development, knowledge of computer architecture",Embedded systems design project
Business,Business,"Experience in project management, strong leadership skills, proficiency in data analysis",Operations optimization project
Engineering,Hardware Engineering,"Ability to design electronic circuits, knowledge of signal processing, experience with PCB layout",Sensor integration project
Law,Law,"Research and analysis abilities, knowledge of statutory interpretation, strong oral advocacy skills",Civil rights litigation project
Engineering,Computer Science,"Experience with machine learning algorithms, proficiency in Python, strong problem-solving skills",Data analysis and visualization project
Business,Accounting,"Knowledge of auditing principles, proficiency in accounting software, strong understanding of tax regulations",Internal control assessment project
Engineering,Electrical Engineering,"Knowledge of circuit design, familiarity with embedded systems, ability to work with microcontrollers",Renewable energy systems project
Law,Law,"Legal research and writing skills, knowledge of contract law, ability to draft legal documents",Business contract review project
Engineering,Software Engineering,"Proficiency in object-oriented programming, experience with software testing, familiarity with version control systems",E-commerce platform development project
Business,Business,"Experience in supply chain management, strong negotiation skills, proficiency in logistics analytics",Supply chain optimization project
Engineering,Computer Engineering,"Familiarity with computer networks, experience with network security, knowledge of software-defined networking",Network infrastructure upgrade project
Law,Law,"Strong legal reasoning abilities, knowledge of administrative law, ability to analyze regulatory compliance issues",Government regulatory compliance project
Engineering,Hardware Engineering,"Ability to design analog circuits, knowledge of semiconductor devices, experience with integrated circuit layout",Analog sensor interface project
Business,Accounting,"Knowledge of management accounting techniques, proficiency in cost analysis, strong understanding of budgeting principles",Strategic cost management project
Engineering,Computer Science,"Experience with web development technologies, proficiency in JavaScript, strong understanding of web security principles",Online marketplace platform project
Law,Law,"Legal research and analysis skills, knowledge of intellectual property law, ability to draft patent applications",Intellectual property rights project
Engineering,Electrical Engineering,"Knowledge of power electronics, familiarity with renewable energy systems, ability to analyze electrical networks",Energy storage system design project
Business,Business,"Experience in international business, strong cross-cultural communication skills, proficiency in global market analysis",International expansion strategy project
Engineering,Software Engineering,"Proficiency in software architecture design, experience with cloud computing platforms, strong knowledge of software performance optimization",Scalable web application project
Law,Law,"Strong legal advocacy skills, knowledge of criminal procedure, ability to conduct effective witness examinations",Criminal defense trial strategy project
Engineering,Computer Engineering,"Familiarity with digital signal processing, experience with real-time embedded systems, knowledge of hardware description languages",Digital signal processing project
Business,Accounting,"Knowledge of forensic accounting techniques, proficiency in fraud examination, strong understanding of internal controls",Fraud risk assessment project
Engineering,Hardware Engineering,"Ability to design mixed-signal circuits, knowledge of RF communication systems, experience with wireless sensor networks",IoT sensor integration project
Law,Law,"Legal research and writing abilities, knowledge of environmental law, ability to analyze regulatory compliance issues",Environmental impact assessment project
Engineering,Computer Science,"Experience with software requirements engineering, proficiency in UML modeling, strong understanding of software architecture principles",Enterprise software development project
Business,Business,"Experience in strategic management, strong business planning skills, proficiency in competitive analysis",Market expansion strategy project
Engineering,Electrical Engineering,"Knowledge of power system analysis, familiarity with electric machine control, ability to design electrical power converters",Smart grid control system project
Law,Law,"Strong legal research skills, knowledge of family law, ability to analyze custody cases",Family law case strategy project
Engineering,Software Engineering,"Proficiency in DevOps, experience with continuous integration, strong knowledge of cloud computing",Cloud-based software development project
Business,Accounting,"Knowledge of financial planning, proficiency in financial modeling, strong understanding of investment analysis",Investment
Engineering,Computer Science,"Experience with natural language processing, proficiency in Python, strong data analysis skills",Text analysis project
Business,Marketing,"Knowledge of market research, familiarity with consumer behavior, ability to analyze marketing campaigns",Marketing strategy development project
Law,Law,"Research and writing skills, knowledge of legal precedents, ability to analyze complex cases",Constitutional law review project
Engineering,Electrical Engineering,"Familiarity with power systems, experience with control systems, ability to design electrical circuits",Smart grid optimization project
Business,Accounting,"Knowledge of financial accounting principles, proficiency in Excel, strong attention to detail",Financial statement analysis project
Engineering,Software Engineering,"Proficiency in software development lifecycle, experience with agile methodologies, strong coding skills",Mobile app development project
Law,Law,"Strong legal research skills, proficiency in case analysis, ability to write persuasive legal arguments",Criminal defense case strategy project
Engineering,Computer Engineering,"Familiarity with digital logic design, experience with FPGA development, knowledge of computer architecture",Embedded systems design project
Business,Business,"Experience in project management, strong leadership skills, proficiency in data analysis",Operations optimization project
Engineering,Hardware Engineering,"Ability to design electronic circuits, knowledge of signal processing, experience with PCB layout",Sensor integration project
Law,Law,"Research and analysis abilities, knowledge of statutory interpretation, strong oral advocacy skills",Civil rights litigation project
Engineering,Computer Science,"Experience with machine learning algorithms, proficiency in Python, strong problem-solving skills",Data analysis and visualization project
Business,Accounting,"Knowledge of auditing principles, proficiency in accounting software, strong understanding of tax regulations",Internal control assessment project
Engineering,Electrical Engineering,"Knowledge of circuit design, familiarity with embedded systems, ability to work with microcontrollers",Renewable energy systems project
Law,Law,"Legal research and writing skills, knowledge of contract law, ability to draft legal documents",Business contract review project
Engineering,Software Engineering,"Proficiency in object-oriented programming, experience with software testing, familiarity with version control systems",E-commerce platform development project
Business,Business,"Experience in supply chain management, strong negotiation skills, proficiency in logistics analytics",Supply chain optimization project
Engineering,Computer Engineering,"Familiarity with computer networks, experience with network security, knowledge of software-defined networking",Network infrastructure upgrade project
Law,Law,"Strong legal reasoning abilities, knowledge of administrative law, ability to analyze regulatory compliance issues",Government regulatory compliance project
Engineering,Hardware Engineering,"Ability to design analog circuits, knowledge of semiconductor devices, experience with integrated circuit layout",Analog sensor interface project
Business,Accounting,"Knowledge of management accounting techniques, proficiency in cost analysis, strong understanding of budgeting principles",Strategic cost management project
Engineering,Computer Science,"Experience with web development technologies, proficiency in JavaScript, strong understanding of web security principles",Online marketplace platform project
Law,Law,"Legal research and analysis skills, knowledge of intellectual property law, ability to draft patent applications",Intellectual property rights project
Engineering,Electrical Engineering,"Knowledge of power electronics, familiarity with renewable energy systems, ability to analyze electrical networks",Energy storage system design project
Business,Business,"Experience in international business, strong cross-cultural communication skills, proficiency in global market analysis",International expansion strategy project
Engineering,Software Engineering,"Proficiency in software architecture design, experience with cloud computing platforms, strong knowledge of software performance optimization",Scalable web application project
Law,Law,"Strong legal advocacy skills, knowledge of criminal procedure, ability to conduct effective witness examinations",Criminal defense trial strategy project
Engineering,Computer Engineering,"Familiarity with digital signal processing, experience with real-time embedded systems, knowledge of hardware description languages",Digital signal processing project
Business,Accounting,"Knowledge of forensic accounting techniques, proficiency in fraud examination, strong understanding of internal controls",Fraud risk assessment project
Engineering,Hardware Engineering,"Ability to design mixed-signal circuits, knowledge of RF communication systems, experience with wireless sensor networks",IoT sensor integration project
Law,Law,"Legal research and writing abilities, knowledge of environmental law, ability to analyze regulatory compliance issues",Environmental impact assessment project
Engineering,Computer Science,"Experience with software requirements engineering, proficiency in UML modeling, strong understanding of software architecture principles",Enterprise software development project
Business,Business,"Experience in strategic management, strong business planning skills, proficiency in competitive analysis",Market expansion strategy project
Engineering,Electrical Engineering,"Knowledge of power system analysis, familiarity with electric machine control, ability to design electrical power converters",Smart grid control system project
Law,Law,"Strong legal research skills, knowledge of family law, ability to analyze custody cases",Family law case strategy project
Engineering,Software Engineering,"Proficiency in DevOps, experience with continuous integration, strong knowledge of cloud computing",Cloud-based software development project
Business,Accounting,"Knowledge of financial planning, proficiency in financial modeling, strong understanding of investment analysis",Invest
Engineering,Computer Science,"Experience with computer graphics, proficiency in C++, strong understanding of algorithms",3D modeling project
Business,Marketing,"Knowledge of market research, familiarity with consumer behavior, ability to analyze marketing campaigns",Marketing strategy development project
Law,Law,"Research and writing skills, knowledge of legal precedents, ability to analyze complex cases",Constitutional law review project
Engineering,Electrical Engineering,"Familiarity with power systems, experience with control systems, ability to design electrical circuits",Smart grid optimization project
Business,Accounting,"Knowledge of financial accounting principles, proficiency in Excel, strong attention to detail",Financial statement analysis project
Engineering,Software Engineering,"Proficiency in software development lifecycle, experience with agile methodologies, strong coding skills",Mobile app development project
Law,Law,"Strong legal research skills, proficiency in case analysis, ability to write persuasive legal arguments",Criminal defense case strategy project
Engineering,Computer Engineering,"Familiarity with digital logic design, experience with FPGA development, knowledge of computer architecture",Embedded systems design project
Business,Business,"Experience in project management, strong leadership skills, proficiency in data analysis",Operations optimization project
Engineering,Hardware Engineering,"Ability to design electronic circuits, knowledge of signal processing, experience with PCB layout",Sensor integration project
Law,Law,"Research and analysis abilities, knowledge of statutory interpretation, strong oral advocacy skills",Civil rights litigation project
Engineering,Computer Science,"Experience with machine learning algorithms, proficiency in Python, strong problem-solving skills",Data analysis and visualization project
Business,Accounting,"Knowledge of auditing principles, proficiency in accounting software, strong understanding of tax regulations",Internal control assessment project
Engineering,Electrical Engineering,"Knowledge of circuit design, familiarity with embedded systems, ability to work with microcontrollers",Renewable energy systems project
Law,Law,"Legal research and writing skills, knowledge of contract law, ability to draft legal documents",Business contract review project
Engineering,Software Engineering,"Proficiency in object-oriented programming, experience with software testing, familiarity with version control systems",E-commerce platform development project
Business,Business,"Experience in supply chain management, strong negotiation skills, proficiency in logistics analytics",Supply chain optimization project
Engineering,Computer Engineering,"Familiarity with computer networks, experience with network security, knowledge of software-defined networking",Network infrastructure upgrade project
Law,Law,"Strong legal reasoning abilities, knowledge of administrative law, ability to analyze regulatory compliance issues",Government regulatory compliance project
Engineering,Hardware Engineering,"Ability to design analog circuits, knowledge of semiconductor devices, experience with integrated circuit layout",Analog sensor interface project
Business,Accounting,"Knowledge of management accounting techniques, proficiency in cost analysis, strong understanding of budgeting principles",Strategic cost management project
Engineering,Computer Science,"Experience with web development technologies, proficiency in JavaScript, strong understanding of web security principles",Online marketplace platform project
Law,Law,"Legal research and analysis skills, knowledge of intellectual property law, ability to draft patent applications",Intellectual property rights project
Engineering,Electrical Engineering,"Knowledge of power electronics, familiarity with renewable energy systems, ability to analyze electrical networks",Energy storage system design project
Business,Business,"Experience in international business, strong cross-cultural communication skills, proficiency in global market analysis",International expansion strategy project
Engineering,Software Engineering,"Proficiency in software architecture design, experience with cloud computing platforms, strong knowledge of software performance optimization",Scalable web application project
Law,Law,"Strong legal advocacy skills, knowledge of criminal procedure, ability to conduct effective witness examinations",Criminal defense trial strategy project
Engineering,Computer Engineering,"Familiarity with digital signal processing, experience with real-time embedded systems, knowledge of hardware description languages",Digital signal processing project
Business,Accounting,"Knowledge of forensic accounting techniques, proficiency in fraud examination, strong understanding of internal controls",Fraud risk assessment project
Engineering,Hardware Engineering,"Ability to design mixed-signal circuits, knowledge of RF communication systems, experience with wireless sensor networks",IoT sensor integration project
Law,Law,"Legal research and writing abilities, knowledge of environmental law, ability to analyze regulatory compliance issues",Environmental impact assessment project
Engineering,Computer Science,"Experience with software requirements engineering, proficiency in UML modeling, strong understanding of software architecture principles",Enterprise software development project
Business,Business,"Experience in strategic management, strong business planning skills, proficiency in competitive analysis",Market expansion strategy project
Engineering,Electrical Engineering,"Knowledge of power system analysis, familiarity with electric machine control, ability to design electrical power converters",Smart grid control system project
Law,Law,"Strong legal research skills, knowledge of family law, ability to analyze custody cases",Family law case strategy project
Engineering,Software Engineering,"Proficiency in DevOps, experience with continuous integration, strong knowledge of cloud computing",Cloud-based software development project
Business,Accounting,"Knowledge of financial planning, proficiency in financial modeling, strong understanding of investment analysis",Invest
Engineering,Computer Science,"Experience with artificial intelligence, proficiency in Python, strong data analysis skills",AI-powered data analytics project
Business,Marketing,"Knowledge of market research, familiarity with consumer behavior, ability to analyze marketing campaigns",Marketing strategy development project
Law,Law,"Research and writing skills, knowledge of legal precedents, ability to analyze complex cases",Constitutional law review project
Engineering,Electrical Engineering,"Familiarity with power systems, experience with control systems, ability to design electrical circuits",Smart grid optimization project
Business,Accounting,"Knowledge of financial accounting principles, proficiency in Excel, strong attention to detail",Financial statement analysis project
Engineering,Software Engineering,"Proficiency in software development lifecycle, experience with agile methodologies, strong coding skills",Mobile app development project
Law,Law,"Strong legal research skills, proficiency in case analysis, ability to write persuasive legal arguments",Criminal defense case strategy project
Engineering,Computer Engineering,"Familiarity with digital logic design, experience with FPGA development, knowledge of computer architecture",Embedded systems design project
Business,Business,"Experience in project management, strong leadership skills, proficiency in data analysis",Operations optimization project
Engineering,Hardware Engineering,"Ability to design electronic circuits, knowledge of signal processing, experience with PCB layout",Sensor integration project
Law,Law,"Research and analysis abilities, knowledge of statutory interpretation, strong oral advocacy skills",Civil rights litigation project
Engineering,Computer Science,"Experience with machine learning algorithms, proficiency in Python, strong problem-solving skills",Data analysis and visualization project
Business,Accounting,"Knowledge of auditing principles, proficiency in accounting software, strong understanding of tax regulations",Internal control assessment project
Engineering,Electrical Engineering,"Knowledge of circuit design, familiarity with embedded systems, ability to work with microcontrollers",Renewable energy systems project
Law,Law,"Legal research and writing skills, knowledge of contract law, ability to draft legal documents",Business contract review project
Engineering,Software Engineering,"Proficiency in object-oriented programming, experience with software testing, familiarity with version control systems",E-commerce platform development project
Business,Business,"Experience in supply chain management, strong negotiation skills, proficiency in logistics analytics",Supply chain optimization project
Engineering,Computer Engineering,"Familiarity with computer networks, experience with network security, knowledge of software-defined networking",Network infrastructure upgrade project
Law,Law,"Strong legal reasoning abilities, knowledge of administrative law, ability to analyze regulatory compliance issues",Government regulatory compliance project
Engineering,Hardware Engineering,"Ability to design analog circuits, knowledge of semiconductor devices, experience with integrated circuit layout",Analog sensor interface project
Business,Accounting,"Knowledge of management accounting techniques, proficiency in cost analysis, strong understanding of budgeting principles",Strategic cost management project
Engineering,Computer Science,"Experience with web development technologies, proficiency in JavaScript, strong understanding of web security principles",Online marketplace platform project
Law,Law,"Legal research and analysis skills, knowledge of intellectual property law, ability to draft patent applications",Intellectual property rights project
Engineering,Electrical Engineering,"Knowledge of power electronics, familiarity with renewable energy systems, ability to analyze electrical networks",Energy storage system design project
Business,Business,"Experience in international business, strong cross-cultural communication skills, proficiency in global market analysis",International expansion strategy project
Engineering,Software Engineering,"Proficiency in software architecture design, experience with cloud computing platforms, strong knowledge of software performance optimization",Scalable web application project
Law,Law,"Strong legal advocacy skills, knowledge of criminal procedure, ability to conduct effective witness examinations",Criminal defense trial strategy project
Engineering,Computer Engineering,"Familiarity with digital signal processing, experience with real-time embedded systems, knowledge of hardware description languages",Digital signal processing project
Business,Accounting,"Knowledge of forensic accounting techniques, proficiency in fraud examination, strong understanding of internal controls",Fraud risk assessment project
Engineering,Hardware Engineering,"Ability to design mixed-signal circuits, knowledge of RF communication systems, experience with wireless sensor networks",IoT sensor integration project
Law,Law,"Legal research and writing abilities, knowledge of environmental law, ability to analyze regulatory compliance issues",Environmental impact assessment project
Engineering,Computer Science,"Experience with software requirements engineering, proficiency in UML modeling, strong understanding of software architecture principles",Enterprise software development project
Business,Business,"Experience in strategic management, strong business planning skills, proficiency in competitive analysis",Market expansion strategy project
Engineering,Electrical Engineering,"Knowledge of power system analysis, familiarity with electric machine control, ability to design electrical power converters",Smart grid control system project
Law,Law,"Strong legal research skills, knowledge of family law, ability to analyze custody cases",Family law case strategy project
Engineering,Software Engineering,"Proficiency in DevOps, experience with continuous integration, strong knowledge of cloud computing",Cloud-based software development project
Business,Accounting,"Knowledge of financial planning, proficiency in financial modeling, strong understanding of investment analysis",
Engineering,Computer Science,"Experience with computer vision, proficiency in Python, strong data analysis skills",Image recognition project
Business,Marketing,"Knowledge of market research, familiarity with consumer behavior, ability to analyze marketing campaigns",Marketing strategy development project
Law,Law,"Research and writing skills, knowledge of legal precedents, ability to analyze complex cases",Constitutional law review project
Engineering,Electrical Engineering,"Familiarity with power systems, experience with control systems, ability to design electrical circuits",Smart grid optimization project
Business,Accounting,"Knowledge of financial accounting principles, proficiency in Excel, strong attention to detail",Financial statement analysis project
Engineering,Software Engineering,"Proficiency in software development lifecycle, experience with agile methodologies, strong coding skills",Mobile app development project
Law,Law,"Strong legal research skills, proficiency in case analysis, ability to write persuasive legal arguments",Criminal defense case strategy project
Engineering,Computer Engineering,"Familiarity with digital logic design, experience with FPGA development, knowledge of computer architecture",Embedded systems design project
Business,Business,"Experience in project management, strong leadership skills, proficiency in data analysis",Operations optimization project
Engineering,Hardware Engineering,"Ability to design electronic circuits, knowledge of signal processing, experience with PCB layout",Sensor integration project
Law,Law,"Research and analysis abilities, knowledge of statutory interpretation, strong oral advocacy skills",Civil rights litigation project
Engineering,Computer Science,"Experience with machine learning algorithms, proficiency in Python, strong problem-solving skills",Data analysis and visualization project
Business,Accounting,"Knowledge of auditing principles, proficiency in accounting software, strong understanding of tax regulations",Internal control assessment project
Engineering,Electrical Engineering,"Knowledge of circuit design, familiarity with embedded systems, ability to work with microcontrollers",Renewable energy systems project
Law,Law,"Legal research and writing skills, knowledge of contract law, ability to draft legal documents",Business contract review project
Engineering,Software Engineering,"Proficiency in object-oriented programming, experience with software testing, familiarity with version control systems",E-commerce platform development project
Business,Business,"Experience in supply chain management, strong negotiation skills, proficiency in logistics analytics",Supply chain optimization project
Engineering,Computer Engineering,"Familiarity with computer networks, experience with network security, knowledge of software-defined networking",Network infrastructure upgrade project
Law,Law,"Strong legal reasoning abilities, knowledge of administrative law, ability to analyze regulatory compliance issues",Government regulatory compliance project
Engineering,Hardware Engineering,"Ability to design analog circuits, knowledge of semiconductor devices, experience with integrated circuit layout",Analog sensor interface project
Business,Accounting,"Knowledge of management accounting techniques, proficiency in cost analysis, strong understanding of budgeting principles",Strategic cost management project
Engineering,Computer Science,"Experience with web development technologies, proficiency in JavaScript, strong understanding of web security principles",Online marketplace platform project
Law,Law,"Legal research and analysis skills, knowledge of intellectual property law, ability to draft patent applications",Intellectual property rights project
Engineering,Electrical Engineering,"Knowledge of power electronics, familiarity with renewable energy systems, ability to analyze electrical networks",Energy storage system design project
Business,Business,"Experience in international business, strong cross-cultural communication skills, proficiency in global market analysis",International expansion strategy project
Engineering,Software Engineering,"Proficiency in software architecture design, experience with cloud computing platforms, strong knowledge of software performance optimization",Scalable web application project
Law,Law,"Strong legal advocacy skills, knowledge of criminal procedure, ability to conduct effective witness examinations",Criminal defense trial strategy project
Engineering,Computer Engineering,"Familiarity with digital signal processing, experience with real-time embedded systems, knowledge of hardware description languages",Digital signal processing project
Business,Accounting,"Knowledge of forensic accounting techniques, proficiency in fraud examination, strong understanding of internal controls",Fraud risk assessment project
Engineering,Hardware Engineering,"Ability to design mixed-signal circuits, knowledge of RF communication systems, experience with wireless sensor networks",IoT sensor integration project
Law,Law,"Legal research and writing abilities, knowledge of environmental law, ability to analyze regulatory compliance issues",Environmental impact assessment project
Engineering,Computer Science,"Experience with software requirements engineering, proficiency in UML modeling, strong understanding of software architecture principles",Enterprise software development project
Business,Business,"Experience in strategic management, strong business planning skills, proficiency in competitive analysis",Market expansion strategy project
Engineering,Electrical Engineering,"Knowledge of power system analysis, familiarity with electric machine control, ability to design electrical power converters",Smart grid control system project
Law,Law,"Strong legal research skills, knowledge of family law, ability to analyze custody cases",Family law case strategy project
Engineering,Software Engineering,"Proficiency in DevOps, experience with continuous integration, strong knowledge of cloud computing",Cloud-based software development project
Business,Accounting,"Knowledge of financial planning, proficiency in financial modeling, strong understanding of investment analysis",Investment
Engineering,Computer Science,"Experience with data science, proficiency in R, strong statistical analysis skills",Data analysis and visualization project
Business,Marketing,"Knowledge of market research, familiarity with consumer behavior, ability to analyze marketing campaigns",Marketing strategy development project
Law,Law,"Research and writing skills, knowledge of legal precedents, ability to analyze complex cases",Constitutional law review project
Engineering,Electrical Engineering,"Familiarity with power systems, experience with control systems, ability to design electrical circuits",Smart grid optimization project
Business,Accounting,"Knowledge of financial accounting principles, proficiency in Excel, strong attention to detail",Financial statement analysis project
Engineering,Software Engineering,"Proficiency in software development lifecycle, experience with agile methodologies, strong coding skills",Mobile app development project
Law,Law,"Strong legal research skills, proficiency in case analysis, ability to write persuasive legal arguments",Criminal defense case strategy project
Engineering,Computer Engineering,"Familiarity with digital logic design, experience with FPGA development, knowledge of computer architecture",Embedded systems design project
Business,Business,"Experience in project management, strong leadership skills, proficiency in data analysis",Operations optimization project
Engineering,Hardware Engineering,"Ability to design electronic circuits, knowledge of signal processing, experience with PCB layout",Sensor integration project
Law,Law,"Research and analysis abilities, knowledge of statutory interpretation, strong oral advocacy skills",Civil rights litigation project
Engineering,Computer Science,"Experience with machine learning algorithms, proficiency in Python, strong problem-solving skills",Data analysis and visualization project
Business,Accounting,"Knowledge of auditing principles, proficiency in accounting software, strong understanding of tax regulations",Internal control assessment project
Engineering,Electrical Engineering,"Knowledge of circuit design, familiarity with embedded systems, ability to work with microcontrollers",Renewable energy systems project
Law,Law,"Legal research and writing skills, knowledge of contract law, ability to draft legal documents",Business contract review project
Engineering,Software Engineering,"Proficiency in object-oriented programming, experience with software testing, familiarity with version control systems",E-commerce platform development project
Business,Business,"Experience in supply chain management, strong negotiation skills, proficiency in logistics analytics",Supply chain optimization project
Engineering,Computer Engineering,"Familiarity with computer networks, experience with network security, knowledge of software-defined networking",Network infrastructure upgrade project
Law,Law,"Strong legal reasoning abilities, knowledge of administrative law, ability to analyze regulatory compliance issues",Government regulatory compliance project
Engineering,Hardware Engineering,"Ability to design analog circuits, knowledge of semiconductor devices, experience with integrated circuit layout",Analog sensor interface project
Business,Accounting,"Knowledge of management accounting techniques, proficiency in cost analysis, strong understanding of budgeting principles",Strategic cost management project
Engineering,Computer Science,"Experience with web development technologies, proficiency in JavaScript, strong understanding of web security principles",Online marketplace platform project
Law,Law,"Legal research and analysis skills, knowledge of intellectual property law, ability to draft patent applications",Intellectual property rights project
Engineering,Electrical Engineering,"Knowledge of power electronics, familiarity with renewable energy systems, ability to analyze electrical networks",Energy storage system design project
Business,Business,"Experience in international business, strong cross-cultural communication skills, proficiency in global market analysis",International expansion strategy project
Engineering,Software Engineering,"Proficiency in software architecture design, experience with cloud computing platforms, strong knowledge of software performance optimization",Scalable web application project
Law,Law,"Strong legal advocacy skills, knowledge of criminal procedure, ability to conduct effective witness examinations",Criminal defense trial strategy project
Engineering,Computer Engineering,"Familiarity with digital signal processing, experience with real-time embedded systems, knowledge of hardware description languages",Digital signal processing project
Business,Accounting,"Knowledge of forensic accounting techniques, proficiency in fraud examination, strong understanding of internal controls",Fraud risk assessment project
Engineering,Hardware Engineering,"Ability to design mixed-signal circuits, knowledge of RF communication systems, experience with wireless sensor networks",IoT sensor integration project
Law,Law,"Legal research and writing abilities, knowledge of environmental law, ability to analyze regulatory compliance issues",Environmental impact assessment project
Engineering,Computer Science,"Experience with software requirements engineering, proficiency in UML modeling, strong understanding of software architecture principles",Enterprise software development project
Business,Business,"Experience in strategic management, strong business planning skills, proficiency in competitive analysis",Market expansion strategy project
Engineering,Electrical Engineering,"Knowledge of power system analysis, familiarity with electric machine control, ability to design electrical power converters",Smart grid control system project
Law,Law,"Strong legal research skills, knowledge of family law, ability to analyze custody cases",Family law case strategy project
Engineering,Software Engineering,"Proficiency in DevOps, experience with continuous integration, strong knowledge of cloud computing",Cloud-based software development project
Business,Accounting,"Knowledge of financial planning, proficiency in financial modeling, strong understanding of investment analysis",
Engineering,Computer Science,"Experience with cloud computing, proficiency in AWS, strong understanding of distributed systems",Cloud-based software development project
Business,Marketing,"Knowledge of data analytics, familiarity with consumer behavior, ability to analyze marketing campaigns",Marketing strategy development project
Law,Law,"Research and writing skills, knowledge of legal precedents, ability to analyze complex cases",Constitutional law review project
Engineering,Electrical Engineering,"Familiarity with power systems, experience with control systems, ability to design electrical circuits",Smart grid optimization project
Business,Accounting,"Knowledge of financial accounting principles, proficiency in Excel, strong attention to detail",Financial statement analysis project
Engineering,Software Engineering,"Proficiency in software development lifecycle, experience with agile methodologies, strong coding skills",Mobile app development project
Law,Law,"Strong legal research skills, proficiency in case analysis, ability to write persuasive legal arguments",Criminal defense case strategy project
Engineering,Computer Engineering,"Familiarity with digital logic design, experience with FPGA development, knowledge of computer architecture",Embedded systems design project
Business,Business,"Experience in project management, strong leadership skills, proficiency in data analysis",Operations optimization project
Engineering,Hardware Engineering,"Ability to design electronic circuits, knowledge of signal processing, experience with PCB layout",Sensor integration project
Law,Law,"Research and analysis abilities, knowledge of statutory interpretation, strong oral advocacy skills",Civil rights litigation project
Engineering,Computer Science,"Experience with machine learning algorithms, proficiency in Python, strong problem-solving skills",Data analysis and visualization project
Business,Accounting,"Knowledge of auditing principles, proficiency in accounting software, strong understanding of tax regulations",Internal control assessment project
Engineering,Electrical Engineering,"Knowledge of circuit design, familiarity with embedded systems, ability to work with microcontrollers",Renewable energy systems project
Law,Law,"Legal research and writing skills, knowledge of contract law, ability to draft legal documents",Business contract review project
Engineering,Software Engineering,"Proficiency in object-oriented programming, experience with software testing, familiarity with version control systems",E-commerce platform development project
Business,Business,"Experience in supply chain management, strong negotiation skills, proficiency in logistics analytics",Supply chain optimization project
Engineering,Computer Engineering,"Familiarity with computer networks, experience with network security, knowledge of software-defined networking",Network infrastructure upgrade project
Law,Law,"Strong legal reasoning abilities, knowledge of administrative law, ability to analyze regulatory compliance issues",Government regulatory compliance project
Engineering,Hardware Engineering,"Ability to design analog circuits, knowledge of semiconductor devices, experience with integrated circuit layout",Analog sensor interface project
Business,Accounting,"Knowledge of management accounting techniques, proficiency in cost analysis, strong understanding of budgeting principles",Strategic cost management project
Engineering,Computer Science,"Experience with web development technologies, proficiency in JavaScript, strong understanding of web security principles",Online marketplace platform project
Law,Law,"Legal research and analysis skills, knowledge of intellectual property law, ability to draft patent applications",Intellectual property rights project
Engineering,Electrical Engineering,"Knowledge of power electronics, familiarity with renewable energy systems, ability to analyze electrical networks",Energy storage system design project
Business,Business,"Experience in international business, strong cross-cultural communication skills, proficiency in global market analysis",International expansion strategy project
Engineering,Software Engineering,"Proficiency in software architecture design, experience with cloud computing platforms, strong knowledge of software performance optimization",Scalable web application project
Law,Law,"Strong legal advocacy skills, knowledge of criminal procedure, ability to conduct effective witness examinations",Criminal defense trial strategy project
Engineering,Computer Engineering,"Familiarity with digital signal processing, experience with real-time embedded systems, knowledge of hardware description languages",Digital signal processing project
Business,Accounting,"Knowledge of forensic accounting techniques, proficiency in fraud examination, strong understanding of internal controls",Fraud risk assessment project
Engineering,Hardware Engineering,"Ability to design mixed-signal circuits, knowledge of RF communication systems, experience with wireless sensor networks",IoT sensor integration project
Law,Law,"Legal research and writing abilities, knowledge of environmental law, ability to analyze regulatory compliance issues",Environmental impact assessment project
Engineering,Computer Science,"Experience with software requirements engineering, proficiency in UML modeling, strong understanding of software architecture principles",Enterprise software development project
Business,Business,"Experience in strategic management, strong business planning skills, proficiency in competitive analysis",Market expansion strategy project
Engineering,Electrical Engineering,"Knowledge of power system analysis, familiarity with electric machine control, ability to design electrical power converters",Smart grid control system project
Law,Law,"Strong legal research skills, knowledge of family law, ability to analyze custody cases",Family law case strategy project
Engineering,Software Engineering,"Proficiency in DevOps, experience with continuous integration, strong knowledge of cloud computing",Cloud-based software development project
Business,Marketing,"Knowledge of market research, familiarity with consumer behavior, ability to analyze marketing campaigns",Marketing strategy development project
Law,Law,"Research and writing skills, knowledge of legal precedents, ability to analyze complex cases",Constitutional law review project
Engineering,Electrical Engineering,"Familiarity with power systems, experience with control systems, ability to design electrical circuits",Smart grid optimization project
Business,Accounting,"Knowledge of financial accounting principles, proficiency in Excel, strong attention to detail",Financial statement analysis project
Engineering,Software Engineering,"Proficiency in software development lifecycle, experience with agile methodologies, strong coding skills",Mobile app development project
Law,Law,"Strong legal research skills, proficiency in case analysis, ability to write persuasive legal arguments",Criminal defense case strategy project
Engineering,Computer Engineering,"Familiarity with digital logic design, experience with FPGA development, knowledge of computer architecture",Embedded systems design project
Business,Business,"Experience in project management, strong leadership skills, proficiency in data analysis",Operations optimization project
Engineering,Hardware Engineering,"Ability to design electronic circuits, knowledge of signal processing, experience with PCB layout",Sensor integration project
Law,Law,"Research and analysis abilities, knowledge of statutory interpretation, strong oral advocacy skills",Civil rights litigation project
Engineering,Computer Science,"Experience with machine learning algorithms, proficiency in Python, strong problem-solving skills",Data analysis and visualization project
Business,Accounting,"Knowledge of auditing principles, proficiency in accounting software, strong understanding of tax regulations",Internal control assessment project
Engineering,Electrical Engineering,"Knowledge of circuit design, familiarity with embedded systems, ability to work with microcontrollers",Renewable energy systems project
Law,Law,"Legal research and writing skills, knowledge of contract law, ability to draft legal documents",Business contract review project
Engineering,Software Engineering,"Proficiency in object-oriented programming, experience with software testing, familiarity with version control systems",E-commerce platform development project
Business,Business,"Experience in supply chain management, strong negotiation skills, proficiency in logistics analytics",Supply chain optimization project
Engineering,Computer Engineering,"Familiarity with computer networks, experience with network security, knowledge of software-defined networking",Network infrastructure upgrade project
Law,Law,"Strong legal reasoning abilities, knowledge of administrative law, ability to analyze regulatory compliance issues",Government regulatory compliance project
Engineering,Hardware Engineering,"Ability to design analog circuits, knowledge of semiconductor devices, experience with integrated circuit layout",Analog sensor interface project
Business,Accounting,"Knowledge of management accounting techniques, proficiency in cost analysis, strong understanding of budgeting principles",Strategic cost management project
Engineering,Computer Science,"Experience with web development technologies, proficiency in JavaScript, strong understanding of web security principles",Online marketplace platform project
Law,Law,"Legal research and analysis skills, knowledge of intellectual property law, ability to draft patent applications",Intellectual property rights project
Engineering,Electrical Engineering,"Knowledge of power electronics, familiarity with renewable energy systems, ability to analyze electrical networks",Energy storage system design project
Business,Business,"Experience in international business, strong cross-cultural communication skills, proficiency in global market analysis",International expansion strategy project
Engineering,Software Engineering,"Proficiency in software architecture design, experience with cloud computing platforms, strong knowledge of software performance optimization",Scalable web application project
Law,Law,"Strong legal advocacy skills, knowledge of criminal procedure, ability to conduct effective witness examinations",Criminal defense trial strategy project
Engineering,Computer Engineering,"Familiarity with digital signal processing, experience with real-time embedded systems, knowledge of hardware description languages",Digital signal processing project
Business,Accounting,"Knowledge of forensic accounting techniques, proficiency in fraud examination, strong understanding of internal controls",Fraud risk assessment project
Engineering,Hardware Engineering,"Ability to design mixed-signal circuits, knowledge of RF communication systems, experience with wireless sensor networks",IoT sensor integration project
Law,Law,"Legal research and writing abilities, knowledge of environmental law, ability to analyze regulatory compliance issues",Environmental impact assessment project
Engineering,Computer Science,"Experience with software requirements engineering, proficiency in UML modeling, strong understanding of software architecture principles",Enterprise software development project
Business,Business,"Experience in strategic management, strong business planning skills, proficiency in competitive analysis",Market expansion strategy project
Engineering,Electrical Engineering,"Knowledge of power system analysis, familiarity with electric machine control, ability to design electrical power converters",Smart grid control system project
Law,Law,"Strong legal research skills, knowledge of family law, ability to analyze custody cases",Family law case strategy project
Engineering,Software Engineering,"Proficiency in DevOps, experience with continuous integration, strong knowledge of cloud computing",Cloud-based software development project
Business,Accounting,"Knowledge of financial planning, proficiency in financial modeling, strong understanding of investment analysis",
Engineering,Computer Science,"Experience with data analytics, proficiency in R, strong statistical analysis skills",Data analysis and visualization project
Business,Marketing,"Knowledge of market research, familiarity with consumer behavior, ability to analyze marketing campaigns",Marketing strategy development project
Law,Law,"Research and writing skills, knowledge of legal precedents, ability to analyze complex cases",Constitutional law review project
Engineering,Electrical Engineering,"Familiarity with power systems, experience with control systems, ability to design electrical circuits",Smart grid optimization project
Business,Accounting,"Knowledge of financial accounting principles, proficiency in Excel, strong attention to detail",Financial statement analysis project
Engineering,Software Engineering,"Proficiency in software development lifecycle, experience with agile methodologies, strong coding skills",Mobile app development project
Law,Law,"Strong legal research skills, proficiency in case analysis, ability to write persuasive legal arguments",Criminal defense case strategy project
Engineering,Computer Engineering,"Familiarity with digital logic design, experience with FPGA development, knowledge of computer architecture",Embedded systems design project
Business,Business,"Experience in project management, strong leadership skills, proficiency in data analysis",Operations optimization project
Engineering,Hardware Engineering,"Ability to design electronic circuits, knowledge of signal processing, experience with PCB layout",Sensor integration project
Law,Law,"Research and analysis abilities, knowledge of statutory interpretation, strong oral advocacy skills",Civil rights litigation project
Engineering,Computer Science,"Experience with machine learning algorithms, proficiency in Python, strong problem-solving skills",Data analysis and visualization project
Business,Accounting,"Knowledge of auditing principles, proficiency in accounting software, strong understanding of tax regulations",Internal control assessment project
Engineering,Electrical Engineering,"Knowledge of circuit design, familiarity with embedded systems, ability to work with microcontrollers",Renewable energy systems project
Law,Law,"Legal research and writing skills, knowledge of contract law, ability to draft legal documents",Business contract review project
Engineering,Software Engineering,"Proficiency in object-oriented programming, experience with software testing, familiarity with version control systems",E-commerce platform development project
Business,Business,"Experience in supply chain management, strong negotiation skills, proficiency in logistics analytics",Supply chain optimization project
Engineering,Computer Engineering,"Familiarity with computer networks, experience with network security, knowledge of software-defined networking",Network infrastructure upgrade project
Law,Law,"Strong legal reasoning abilities, knowledge of administrative law, ability to analyze regulatory compliance issues",Government regulatory compliance project
Engineering,Hardware Engineering,"Ability to design analog circuits, knowledge of semiconductor devices, experience with integrated circuit layout",Analog sensor interface project
Business,Accounting,"Knowledge of management accounting techniques, proficiency in cost analysis, strong understanding of budgeting principles",Strategic cost management project
Engineering,Computer Science,"Experience with web development technologies, proficiency in JavaScript, strong understanding of web security principles",Online marketplace platform project
Law,Law,"Legal research and analysis skills, knowledge of intellectual property law, ability to draft patent applications",Intellectual property rights project
Engineering,Electrical Engineering,"Knowledge of power electronics, familiarity with renewable energy systems, ability to analyze electrical networks",Energy storage system design project
Business,Business,"Experience in international business, strong cross-cultural communication skills, proficiency in global market analysis",International expansion strategy project
Engineering,Software Engineering,"Proficiency in software architecture design, experience with cloud computing platforms, strong knowledge of software performance optimization",Scalable web application project
Law,Law,"Strong legal advocacy skills, knowledge of criminal procedure, ability to conduct effective witness examinations",Criminal defense trial strategy project
Engineering,Computer Engineering,"Familiarity with digital signal processing, experience with real-time embedded systems, knowledge of hardware description languages",Digital signal processing project
Business,Accounting,"Knowledge of forensic accounting techniques, proficiency in fraud examination, strong understanding of internal controls",Fraud risk assessment project
Engineering,Hardware Engineering,"Ability to design mixed-signal circuits, knowledge of RF communication systems, experience with wireless sensor networks",IoT sensor integration project
Law,Law,"Legal research and writing abilities, knowledge of environmental law, ability to analyze regulatory compliance issues",Environmental impact assessment project
Engineering,Computer Science,"Experience with software requirements engineering, proficiency in UML modeling, strong understanding of software architecture principles",Enterprise software development project
Business,Business,"Experience in strategic management, strong business planning skills, proficiency in competitive analysis",Market expansion strategy project
Engineering,Electrical Engineering,"Knowledge of power system analysis, familiarity with electric machine control, ability to design electrical power converters",Smart grid control system project
Law,Law,"Strong legal research skills, knowledge of family law, ability to analyze custody cases",Family law case strategy project
Engineering,Software Engineering,"Proficiency in DevOps, experience with continuous integration, strong knowledge of cloud computing",Cloud-based software development project
Business,Accounting,"Knowledge of financial planning, proficiency in financial modeling, strong understanding of investment analysis",
Engineering,Computer Science,"Experience with natural language processing, proficiency in Python, strong understanding of machine learning algorithms",Chatbot development project
Business,Marketing,"Knowledge of social media marketing, familiarity with consumer behavior, ability to analyze marketing campaigns",Social media marketing strategy project
Law,Law,"Research and writing skills, knowledge of legal precedents, ability to analyze complex cases",Constitutional law review project
Engineering,Electrical Engineering,"Familiarity with power systems, experience with control systems, ability to design electrical circuits",Smart grid optimization project
Business,Marketing,"Knowledge of social media marketing, familiarity with consumer behavior, ability to analyze marketing campaigns",Social media marketing strategy project
Law,Law,"Research and writing skills, knowledge of legal precedents, ability to analyze complex cases",Constitutional law review project
Business,Marketing,"Knowledge of data analytics, familiarity with consumer behavior, ability to analyze marketing campaigns",Marketing strategy development project
Law,Law,"Research and writing skills, knowledge of legal precedents, ability to analyze complex cases",Constitutional law review project
Engineering,Electrical Engineering,"Familiarity with power systems, experience with control systems, ability to design electrical circuits",Smart grid optimization project
Business,Accounting,"Knowledge of financial accounting principles, proficiency in Excel, strong attention to detail",Financial statement analysis project
Engineering,Software Engineering,"Proficiency in software development lifecycle, experience with agile methodologies, strong coding skills",Mobile app development project
Law,Law,"Strong legal research skills, proficiency in case analysis, ability to write persuasive legal arguments",Criminal defense case strategy project
Engineering,Computer Engineering,"Familiarity with digital logic design, experience with FPGA development, knowledge of computer architecture",Embedded systems design project
Business,Business,"Experience in project management, strong leadership skills, proficiency in data analysis",Operations optimization project
Engineering,Hardware Engineering,"Ability to design electronic circuits, knowledge of signal processing, experience with PCB layout",Sensor integration project
Business,Marketing,"Knowledge of market research, familiarity with consumer behavior, ability to analyze marketing campaigns",Marketing strategy development project
Law,Law,"Research and writing skills, knowledge of legal precedents, ability to analyze complex cases",Constitutional law review project
Engineering,Electrical Engineering,"Familiarity with power systems, experience with control systems, ability to design electrical circuits",Smart grid optimization project
Business,Accounting,"Knowledge of financial accounting principles, proficiency in Excel, strong attention to detail",Financial statement analysis project
Engineering,Software Engineering,"Proficiency in software development lifecycle, experience with agile methodologies, strong coding skills",Mobile app development project
Law,Law,"Strong legal research skills, proficiency in case analysis, ability to write persuasive legal arguments",Criminal defense case strategy project
Engineering,Computer Engineering,"Familiarity with digital logic design, experience with FPGA development, knowledge of computer architecture",Embedded systems design project
Business,Business,"Experience in project management, strong leadership skills, proficiency in data analysis",Operations optimization project
Engineering,Hardware Engineering,"Ability to design electronic circuits, knowledge of signal processing, experience with PCB layout",Sensor integration project
Law,Law,"Research and analysis abilities, knowledge of statutory interpretation, strong oral advocacy skills",Civil rights litigation project
Engineering,Computer Science,"Experience with computer vision, proficiency in Python, strong understanding of machine learning algorithms",Image recognition project
Business,Accounting,"Knowledge of auditing principles, proficiency in accounting software, strong understanding of tax regulations",Internal control assessment project
Engineering,Electrical Engineering,"Knowledge of circuit design, familiarity with embedded systems, ability to work with microcontrollers",Renewable energy systems project
Law,Law,"Legal research and writing skills, knowledge of contract law, ability to draft legal documents",Business contract review project
Engineering,Software Engineering,"Proficiency in object-oriented programming, experience with software testing, familiarity with version control systems",E-commerce platform development project
Business,Business,"Experience in supply chain management, strong negotiation skills, proficiency in logistics analytics",Supply chain optimization project
Engineering,Computer Engineering,"Familiarity with computer networks, experience with network security, knowledge of software-defined networking",Network infrastructure upgrade project
Law,Law,"Strong legal reasoning abilities, knowledge of administrative law, ability to analyze regulatory compliance issues",Government regulatory compliance project
Engineering,Hardware Engineering,"Ability to design analog circuits, knowledge of semiconductor devices, experience with integrated circuit layout",Analog sensor interface project
Business,Accounting,"Knowledge of management accounting techniques, proficiency in cost analysis, strong understanding of budgeting principles",Strategic cost management project
Engineering,Computer Science,"Experience with web development technologies, proficiency in JavaScript, strong understanding of web security principles",Online marketplace platform project
Law,Law,"Legal research and analysis skills, knowledge of intellectual property law, ability to draft patent applications",Intellectual property rights project
Engineering,Electrical Engineering,"Knowledge of power electronics, familiarity with renewable energy systems, ability to analyze electrical networks",Energy storage system design project
Business,Business,"Experience in international business, strong cross-cultural communication skills, proficiency in global market analysis",International expansion strategy project
Engineering,Software Engineering,"Proficiency in software architecture design, experience with cloud computing platforms, strong knowledge of software performance optimization",Scalable web application project
Law,Law,"Strong legal advocacy skills, knowledge of criminal procedure, ability to conduct effective witness examinations",Criminal defense trial strategy project
Engineering,Computer Engineering,"Familiarity with digital signal processing, experience with real-time embedded systems, knowledge of hardware description languages",Digital signal processing project
Business,Accounting,"Knowledge of forensic accounting techniques, proficiency in fraud examination, strong understanding of internal controls",Fraud risk assessment project
Engineering,Hardware Engineering,"Ability to design mixed-signal circuits, knowledge of RF communication systems, experience with wireless sensor networks",IoT sensor integration project
Law,Law,"Legal research and writing abilities, knowledge of environmental law, ability to analyze regulatory compliance issues",Environmental impact assessment project
Engineering,Computer Science,"Experience with software requirements engineering, proficiency in UML modeling, strong understanding of software architecture principles",Enterprise software development project
Business,Business,"Experience in strategic management, strong business planning skills, proficiency in competitive analysis",Market expansion strategy project
Engineering,Electrical Engineering,"Knowledge of power system analysis, familiarity with electric machine control, ability to design electrical power converters",Smart grid control system project
Law,Law,"Strong legal research skills, knowledge of family law, ability to analyze custody cases",Family law case strategy project
Engineering,Software Engineering,"Proficiency in DevOps, experience with continuous integration, strong knowledge of cloud computing",Cloud-based software development project
Business,Accounting,"Knowledge of financial planning, proficiency in financial modeling, strong understanding of investment analysis",Invest
Engineering,Computer Science,"Experience with natural language processing, proficiency in Python, strong understanding of machine learning algorithms",Chatbot development project
Business,Marketing,"Knowledge of social media marketing, familiarity with consumer behavior, ability to analyze marketing campaigns",Social media marketing strategy project
Law,Law,"Research and writing skills, knowledge of legal precedents, ability to analyze complex cases",Constitutional law review project
Engineering,Electrical Engineering,"Familiarity with power systems, experience with control systems, ability to design electrical circuits",Smart grid optimization project
Business,Accounting,"Knowledge of financial accounting principles, proficiency in Excel, strong attention to detail",Financial
Engineering,Computer Science,"Experience with natural language processing, proficiency in Python, strong understanding of machine learning algorithms",Chatbot development project
Business,Marketing,"Knowledge of social media marketing, familiarity with consumer behavior, ability to analyze marketing campaigns",Social media marketing strategy project
Law,Law,"Research and writing skills, knowledge of legal precedents, ability to analyze complex cases",Constitutional law review project
