student_name,program,project_description,specific_technologies,date_created
Sofia Martinez,Computer Science,Developed a machine learning model for image recognition,"Python, TensorFlow, OpenCV",2022-01-15
Ahmed Khan,Data Science,Implemented a sentiment analysis algorithm for social media data,"R, NLTK, Scikit-learn",2022-01-16
Lila Chen,Artificial Intelligence,Created a chatbot for customer service support,"Java, Dialogflow, Node.js",2022-01-17
Nadia Singh,Computer Engineering,Designed a real-time object detection system,"C++, CUDA, PyTorch",2022-01-18
Liam Johnson,Cybersecurity,Developed an intrusion detection system for network security,"Python, Snort, Wireshark",2022-01-19
Yara Ahmed,Information Technology,Built a web application for data visualization,"JavaScript, D3.js, HTML, CSS",2022-01-20
Elena Vargas,Software Engineering,Created a mobile app for language learning,"Swift, Kotlin, Firebase",2022-01-21
Jasper Kim,Computer Science,Implemented a recommendation system for e-commerce platform,"Python, Pandas, Scikit-learn",2022-01-22
Leila Abbas,Data Science,Developed a predictive maintenance model for industrial equipment,"R, Python, TensorFlow",2022-01-23
Amir Patel,Artificial Intelligence,Designed an autonomous drone for aerial surveillance,"Python, OpenCV, ROS",2022-01-24
Ana Souza,Computer Engineering,Built a voice recognition system for home automation,"C++, Python, Raspberry Pi",2022-01-25
Aarav Gupta,Cybersecurity,Developed a malware detection tool using machine learning,"Python, Scikit-learn, Keras",2022-01-26
Luna Costa,Information Technology,Created a database management system for a small business,"SQL, MySQL, PHP",2022-01-27
Emir Ozdemir,Software Engineering,Designed a social networking platform for pet owners,"Java, Spring Boot, MongoDB",2022-01-28
Zara Kim,Computer Science,Implemented a natural language processing system for sentiment analysis,"Python, NLTK, TensorFlow",2022-01-29
Ibrahim Ali,Data Science,Developed a recommendation engine for personalized content delivery,"Python, Pandas, Scikit-learn",2022-01-30
Sofia Nguyen,Artificial Intelligence,Created a facial recognition system for access control,"Python, OpenCV, TensorFlow",2022-01-31
Ella Bakker,Computer Engineering,Built a gesture recognition system for human-computer interaction,"C++, OpenCV, Unity",2022-02-01
Nina Dubois,Cybersecurity,Developed a network traffic analysis tool for threat detection,"Python, Wireshark, Splunk",2022-02-02
Hiroshi Tanaka,Information Technology,Created a web-based inventory management system for a retail store,"JavaScript, React, Node.js",2022-02-03
Isabella Rossi,Software Engineering,Developed a task management app for project collaboration,"Swift, Firebase, RESTful API",2022-02-04
Aarush Patel,Computer Science,Implemented a data mining algorithm for pattern recognition,"Python, NumPy, Pandas",2022-02-05
Aisha Khan,Data Science,Designed a customer churn prediction model for a telecom company,"R, Python, Scikit-learn",2022-02-06
Liam O'Malley,Artificial Intelligence,Created a virtual assistant for healthcare information management,"Python, TensorFlow, Flask",2022-02-07
Sara Almeida,Computer Engineering,Developed an embedded system for smart home automation,"C, Arduino, MQTT",2022-02-08
Yusuf Khan,Cybersecurity,Built a vulnerability assessment tool for network security,"Python, Nmap, Metasploit",2022-02-09
Eva Fischer,Information Technology,Implemented a customer relationship management system for a small business,"SQL, Python, Django",2022-02-10
Leia Kim,Software Engineering,Developed a mobile app for language translation and cultural exchange,"Java, Kotlin, Google Cloud API",2022-02-11
Javier Hernandez,Computer Science,Created a recommendation system for personalized music playlists,"Python, Pandas, Scikit-learn",2022-02-12
Lara Costa,Data Science,Built a fraud detection model for financial transactions,"R, Python, TensorFlow",2022-02-13
Aarav Gupta,Artificial Intelligence,Designed an autonomous robot for warehouse inventory management,"Python, ROS, Gazebo",2022-02-14
Nora Abadi,Computer Engineering,Developed a smart irrigation system for precision agriculture,"C, Raspberry Pi, Soil Moisture Sensor",2022-02-15
Zara Kim,Cybersecurity,Built a security information and event management (SIEM) system,"Python, Elasticsearch, Logstash",2022-02-16
Liam Johnson,Information Technology,Created a web-based employee scheduling system for small businesses,"JavaScript, React, Node.js",2022-02-17
Elena Vargas,Software Engineering,Developed a task management app for team productivity,"Swift, Firebase, RESTful API",2022-02-18
Jasper Kim,Computer Science,Implemented a sentiment analysis system for social media data,"Python, NLTK, Scikit-learn",2022-02-19
Leila Abbas,Data Science,Built a recommendation engine for personalized shopping experiences,"Python, Pandas, TensorFlow",2022-02-20
Amir Patel,Artificial Intelligence,Created a facial recognition system for access control,"Python, OpenCV, TensorFlow",2022-02-21
Ana Souza,Computer Engineering,Designed an autonomous drone for aerial surveillance,"C++, Python, ROS",2022-02-22
Aarav Gupta,Cybersecurity,Developed a malware detection tool using machine learning,"Python, Scikit-learn, Keras",2022-02-23
Luna Costa,Information Technology,Created a database management system for a small business,"SQL, MySQL, PHP",2022-02-24
Emir Ozdemir,Software Engineering,Built a social networking platform for pet owners,"Java, Spring Boot, MongoDB",2022-02-25
Zara Kim,Computer Science,Implemented a natural language processing system for sentiment analysis,"Python, NLTK, TensorFlow",2022-02-26
Ibrahim Ali,Data Science,Developed a recommendation engine for personalized content delivery,"Python, Pandas, Scikit-learn",2022-02-27
Sofia Nguyen,Artificial Intelligence,Created a facial recognition system for access control,"Python, OpenCV, TensorFlow",2022-02-28
Ella Bakker,Computer Engineering,Built a gesture recognition system for human-computer interaction,"C++, OpenCV, Unity",2022-03-01
Nina Dubois,Cybersecurity,Developed a network traffic analysis tool for threat detection,"Python, Wireshark, Splunk",2022-03-02
Hiroshi Tanaka,Information Technology,Created a web-based inventory management system for a retail store,"JavaScript, React, Node.js",2022-03-03
