program,description
Software Engineering,Develop a web application for online project management
Computer Engineering,Design and implement an IoT-based home automation system
Computer Science,Create a machine learning model for sentiment analysis
Hardware Engineering,Build a prototype for a smart wearable health monitoring device
Law,Conduct legal research on data privacy regulations in e-commerce
Accounts,Analyze financial data for cost optimization strategies
Hardware Engineering,Develop a sensor-based system for environmental monitoring
Computer Science,Design a recommendation system for e-commerce platform
Software Engineering,Create a mobile app for remote health monitoring
Computer Engineering,Implement a smart irrigation system using IoT
Law,Draft legal documents for intellectual property protection
Accounts,Conduct a financial analysis for investment decision-making
Software Engineering,Develop a chatbot for customer support
Computer Engineering,Design a control system for autonomous drone navigation
Computer Science,Build a data visualization tool for analyzing social media trends
Hardware Engineering,Create a smart home energy management system
Law,Conduct a legal audit for compliance with labor laws
Accounts,Analyze cost structures for process optimization in manufacturing
Hardware Engineering,Develop a smart parking system using IoT
Computer Science,Design and implement a fraud detection system using machine learning
Software Engineering,Build a web-based platform for online learning management
Computer Engineering,Create a system for remote monitoring of industrial equipment
Law,Research and draft contracts for business partnerships
Accounts,Conduct a financial statement analysis for business performance evaluation
Software Engineering,Develop a task management tool for project collaboration
Computer Engineering,Design a system for real-time environmental monitoring and alerting
Computer Science,Create an anomaly detection system for network security
Hardware Engineering,Build a prototype for a smart agriculture monitoring system
Law,Conduct legal research on international trade regulations
Accounts,Analyze cost and revenue data for pricing strategy optimization
Hardware Engineering,Develop a wearable device for fitness and health tracking
Computer Science,Design and implement a recommendation system for music streaming platform
Software Engineering,Create a web-based platform for virtual event management
Computer Engineering,Implement a smart traffic control system using IoT
Law,Draft legal agreements for technology licensing
Accounts,Conduct a cost-volume-profit analysis for business decision-making
Software Engineering,Develop a social networking platform for niche communities
Computer Engineering,Design a system for smart waste management using IoT
Computer Science,Build a machine learning model for predictive maintenance in manufacturing
Hardware Engineering,Create a prototype for a smart water quality monitoring system
Law,Conduct legal research on privacy Laws related to healthcare data
Accounts,Analyze financial performance metrics for investment portfolio management
Hardware Engineering,Develop a smart irrigation system for urban agriculture using IoT
Computer Science,Design and implement a recommendation system for online book recommendations
Software Engineering,Build a web-based platform for collaborative project management
Computer Engineering,Create a system for remote monitoring and control of renewable energy sources
Law,Draft legal documents for technology transfer agreements
Accounts,Conduct a financial analysis for strategic cost management
Software Engineering,Design a chatbot for online customer service support
Computer Engineering,Implement a smart home automation system using IoT