study_program,project_description
Computer Engineering,Developed an embedded system for controlling smart home devices using IoT technologies.
Software Engineering,Created a web application for automated project management and task tracking using Agile methodologies.
Computer Science,Implemented a deep learning algorithm for natural language processing in chatbot development.
Hardware Engineering,Designed a low-power consumption microprocessor for IoT devices with real-time sensor data processing capabilities.
Electrical Engineering,Developed a smart grid system for efficient energy distribution and consumption monitoring in urban environments.
Law,Researched and drafted a legal framework for regulating artificial intelligence and machine learning technologies.
Accounting,Analyzed financial data using machine learning algorithms for fraud detection and risk assessment in banking systems.
Computer Engineering,Optimized a database management system for handling large-scale data in real-time IoT applications.
Software Engineering,Developed a cybersecurity solution for securing cloud-based infrastructure and preventing unauthorized access.
Computer Science,Implemented a parallel computing algorithm for accelerating scientific simulations and data analysis processes.
Hardware Engineering,Designed a custom ASIC for accelerating machine learning workloads in edge computing devices.
Electrical Engineering,Developed a renewable energy monitoring system with predictive maintenance capabilities for wind and solar farms.
Law,Analyzed legal implications of data privacy regulations on cross-border data transfer and storage in cloud services.
Accounting,Designed a financial forecasting model using statistical analysis and machine learning techniques for business planning.
Computer Engineering,Implemented a real-time monitoring and control system for smart city infrastructure using edge computing technologies.
Software Engineering,Developed an intelligent recommendation system for personalized content delivery in e-commerce platforms.
Computer Science,Researched and developed an algorithm for optimizing resource allocation in cloud computing environments.
Hardware Engineering,Designed a high-speed data acquisition system for industrial IoT applications with real-time signal processing.
Electrical Engineering,Developed an energy-efficient wireless sensor network for environmental monitoring and wildlife conservation.
Law,Drafted legal guidelines for ethical AI development and deployment to ensure accountability and transparency.
Accounting,Analyzed and visualized financial data using data mining techniques to identify patterns and anomalies for auditing.
Computer Engineering,Developed a distributed system for real-time data analysis and visualization in collaborative research environments.
Software Engineering,Created a virtual reality application for immersive training and simulation in industrial and medical sectors.
Computer Science,Implemented a distributed file system for efficient data storage and retrieval in cloud computing infrastructures.
Hardware Engineering,Designed a custom FPGA for accelerating cryptographic operations in secure communication systems.
Electrical Engineering,Developed a smart energy management system for optimizing power consumption in commercial and residential buildings.
Law,Researched and proposed regulations for the ethical use of AI in autonomous vehicles to ensure safety and accountability.
Accounting,Analyzed and predicted financial market trends using machine learning algorithms for investment portfolio management.
Computer Engineering,Optimized a wireless communication protocol for low-latency and high-reliability data transmission in industrial IoT.
Software Engineering,Developed an automated testing framework for ensuring software quality and reliability in continuous integration pipelines.
Computer Science,Researched and implemented a data encryption algorithm for securing sensitive information in cloud storage systems.
Hardware Engineering,Designed a power-efficient sensor interface for IoT devices with real-time data processing and anomaly detection.
Electrical Engineering,Developed a smart grid system for efficient energy distribution and consumption monitoring in urban environments.
Law,Researched and drafted a legal framework for regulating artificial intelligence and machine learning technologies.
Accounting,Analyzed financial data using machine learning algorithms for fraud detection and risk assessment in banking systems.
Computer Engineering,Developed an embedded system for controlling smart home devices using IoT technologies.
Software Engineering,Created a web application for automated project management and task tracking using Agile methodologies.
Computer Science,Implemented a deep learning algorithm for natural language processing in chatbot development.
Hardware Engineering,Designed a low-power consumption microprocessor for IoT devices with real-time sensor data processing capabilities.
Electrical Engineering,Developed a smart grid system for efficient energy distribution and consumption monitoring in urban environments.
Law,Researched and proposed regulations for the ethical use of AI in autonomous vehicles to ensure safety and accountability.
Accounting,Analyzed and predicted financial market trends using machine learning algorithms for investment portfolio management.
Computer Engineering,Optimized a wireless communication protocol for low-latency and high-reliability data transmission in industrial IoT.
Software Engineering,Developed an automated testing framework for ensuring software quality and reliability in continuous integration pipelines.
Computer Science,Researched and implemented a data encryption algorithm for securing sensitive information in cloud storage systems.
Hardware Engineering,Designed a power-efficient sensor interface for IoT devices with real-time data processing and anomaly detection.
Electrical Engineering,Developed a smart grid system for efficient energy distribution and consumption monitoring in urban environments.
Law,Researched and drafted a legal framework for regulating artificial intelligence and machine learning technologies.
Accounting,Analyzed financial data using machine learning algorithms for fraud detection and risk assessment in banking systems.
Computer Engineering,Developed an embedded system for controlling smart home devices using IoT technologies.
Software Engineering,Created a web application for automated project management and task tracking using Agile methodologies.
Computer Science,Implemented a deep learning algorithm for natural language processing in chatbot development.
Hardware Engineering,Designed a low-power consumption microprocessor for IoT devices with real-time sensor data processing capabilities.
Electrical Engineering,Developed a smart grid system for efficient energy distribution and consumption monitoring in urban environments.
Law,Researched and proposed regulations for the ethical use of AI in autonomous vehicles to ensure safety and accountability.
Accounting,Analyzed and predicted financial market trends using machine learning algorithms for investment portfolio management.
Computer Engineering,Optimized a wireless communication protocol for low-latency and high-reliability data transmission in industrial IoT.
Software Engineering,Developed an automated testing framework for ensuring software quality and reliability in continuous integration pipelines.
Computer Science,Researched and implemented a data encryption algorithm for securing sensitive information in cloud storage systems.
Hardware Engineering,Designed a power-efficient sensor interface for IoT devices with real-time data processing and anomaly detection.